timestamp,NO2_GM,C2H5OH_GM,VOC_GM,CO_GM,CO_MiCS,C2H5OH_MiCS,VOC_MiCS
0.0,0.985,0.732,0.581,0.071,1.875,1.12,0.512
0.25,0.985,0.732,0.578,0.071,1.835,1.089,0.5
0.5,0.986,0.732,0.576,0.07,1.835,1.089,0.5
0.75,0.985,0.732,0.57,0.07,1.855,1.104,0.506
1.0,0.985,0.731,0.564,0.07,1.895,1.136,0.518
1.25,0.984,0.731,0.557,0.07,1.875,1.12,0.512
1.5,0.985,0.732,0.556,0.07,1.855,1.104,0.506
1.75,0.985,0.732,0.554,0.069,1.855,1.104,0.506
2.0,0.984,0.732,0.552,0.069,1.855,1.104,0.506
2.25,0.985,0.732,0.551,0.069,1.835,1.089,0.5
2.5,0.985,0.732,0.55,0.069,1.815,1.073,0.494
2.75,0.986,0.732,0.549,0.069,1.855,1.104,0.506
3.0,0.985,0.732,0.549,0.069,1.815,1.073,0.494
3.25,0.984,0.732,0.548,0.069,1.875,1.12,0.512
3.5,0.984,0.731,0.546,0.068,1.815,1.073,0.494
3.75,0.983,0.733,0.546,0.069,1.835,1.089,0.5
4.0,0.985,0.733,0.546,0.069,1.875,1.12,0.512
4.25,0.985,0.733,0.544,0.068,1.875,1.12,0.512
4.5,0.985,0.733,0.542,0.068,1.875,1.12,0.512
4.75,0.985,0.734,0.542,0.069,1.875,1.12,0.512
5.0,0.985,0.733,0.542,0.069,1.855,1.104,0.506
5.25,0.985,0.733,0.541,0.069,1.855,1.104,0.506
5.5,0.985,0.733,0.542,0.069,1.815,1.073,0.494
5.75,0.985,0.733,0.541,0.069,1.855,1.104,0.506
6.0,0.985,0.733,0.54,0.069,1.815,1.073,0.494
6.25,0.985,0.733,0.54,0.069,1.855,1.104,0.506
6.5,0.985,0.733,0.54,0.069,1.835,1.089,0.5
6.75,0.985,0.733,0.538,0.069,1.855,1.104,0.506
7.0,0.986,0.733,0.538,0.069,1.875,1.12,0.512
7.25,0.985,0.733,0.537,0.069,1.915,1.152,0.525
7.5,0.985,0.733,0.536,0.069,1.875,1.12,0.512
7.75,0.985,0.733,0.535,0.069,1.855,1.104,0.506
8.0,0.985,0.733,0.535,0.069,1.855,1.104,0.506
8.25,0.985,0.733,0.535,0.069,1.835,1.089,0.5
8.5,0.985,0.733,0.535,0.069,1.835,1.089,0.5
8.75,0.985,0.733,0.534,0.069,1.855,1.104,0.506
9.0,0.985,0.733,0.535,0.069,1.815,1.073,0.494
9.25,0.985,0.734,0.534,0.069,1.815,1.073,0.494
9.5,0.984,0.734,0.534,0.069,1.815,1.073,0.494
9.75,0.985,0.733,0.53,0.069,2.059,1.266,0.569
10.0,0.983,0.734,0.53,0.069,1.956,1.184,0.537
10.25,0.983,0.733,0.529,0.069,1.895,1.136,0.518
10.5,0.985,0.734,0.53,0.069,1.815,1.073,0.494
10.75,0.984,0.734,0.528,0.068,1.855,1.104,0.506
11.0,0.984,0.734,0.528,0.069,1.875,1.12,0.512
11.25,0.984,0.733,0.527,0.069,1.895,1.136,0.518
11.5,0.983,0.734,0.527,0.069,1.855,1.104,0.506
11.75,0.983,0.734,0.527,0.069,1.895,1.136,0.518
12.0,0.984,0.734,0.526,0.069,1.895,1.136,0.518
12.25,0.984,0.734,0.526,0.069,1.915,1.152,0.525
12.5,0.985,0.734,0.526,0.068,1.855,1.104,0.506
12.75,0.985,0.734,0.526,0.068,1.895,1.136,0.518
13.0,0.984,0.735,0.525,0.069,1.875,1.12,0.512
13.25,0.985,0.734,0.525,0.069,1.935,1.168,0.531
13.5,0.984,0.736,0.525,0.068,1.935,1.168,0.531
13.75,0.984,0.734,0.524,0.069,1.915,1.152,0.525
14.0,0.984,0.734,0.524,0.069,1.875,1.12,0.512
14.25,0.983,0.735,0.524,0.069,1.915,1.152,0.525
14.5,0.983,0.735,0.524,0.069,1.855,1.104,0.506
14.75,0.983,0.734,0.524,0.068,1.875,1.12,0.512
15.0,0.985,0.736,0.524,0.069,1.895,1.136,0.518
15.25,0.985,0.736,0.524,0.068,1.835,1.089,0.5
15.5,0.985,0.736,0.524,0.068,1.855,1.104,0.506
15.75,0.983,0.735,0.522,0.068,1.855,1.104,0.506
16.0,0.983,0.736,0.522,0.069,1.855,1.104,0.506
16.25,0.983,0.734,0.521,0.068,1.855,1.104,0.506
16.5,0.983,0.734,0.522,0.068,1.795,1.058,0.487
16.75,0.985,0.736,0.521,0.068,1.755,1.028,0.475
17.0,0.985,0.736,0.52,0.067,1.62,0.925,0.434
17.25,0.983,0.735,0.519,0.068,1.544,0.869,0.411
17.5,0.983,0.735,0.518,0.067,1.433,0.788,0.378
17.75,0.985,0.735,0.518,0.067,1.544,0.869,0.411
18.0,0.983,0.735,0.514,0.066,1.451,0.801,0.383
18.25,0.983,0.735,0.512,0.066,1.324,0.711,0.345
18.5,0.983,0.736,0.508,0.066,1.253,0.661,0.324
18.75,0.983,0.736,0.505,0.065,1.27,0.673,0.329
19.0,0.983,0.734,0.502,0.065,1.183,0.613,0.304
19.25,0.982,0.735,0.5,0.064,1.064,0.534,0.269
19.5,0.982,0.734,0.498,0.064,1.166,0.602,0.299
19.75,0.982,0.735,0.495,0.063,1.114,0.567,0.284
20.0,0.982,0.734,0.489,0.061,1.114,0.567,0.284
20.25,0.981,0.734,0.477,0.061,1.149,0.59,0.294
20.5,0.981,0.733,0.475,0.06,0.948,0.459,0.236
20.75,0.981,0.733,0.473,0.06,0.932,0.449,0.232
21.0,0.981,0.734,0.473,0.06,0.932,0.449,0.232
21.25,0.981,0.734,0.472,0.06,0.981,0.48,0.246
21.5,0.981,0.734,0.47,0.06,0.964,0.47,0.241
21.75,0.981,0.733,0.469,0.06,0.981,0.48,0.246
22.0,0.981,0.733,0.455,0.059,1.149,0.59,0.294
22.25,0.981,0.733,0.455,0.059,1.014,0.501,0.255
22.5,0.98,0.733,0.453,0.059,0.981,0.48,0.246
22.75,0.979,0.733,0.452,0.058,1.014,0.501,0.255
23.0,0.98,0.732,0.45,0.057,0.981,0.48,0.246
23.25,0.98,0.732,0.449,0.057,1.014,0.501,0.255
23.5,0.978,0.731,0.447,0.057,1.014,0.501,0.255
23.75,0.979,0.732,0.448,0.057,0.981,0.48,0.246
24.0,0.98,0.732,0.446,0.058,0.981,0.48,0.246
24.25,0.979,0.732,0.442,0.056,1.047,0.523,0.265
24.5,0.978,0.731,0.439,0.056,0.997,0.491,0.25
24.75,0.977,0.731,0.436,0.054,1.014,0.501,0.255
25.0,0.977,0.731,0.433,0.054,1.03,0.512,0.26
25.25,0.979,0.732,0.439,0.057,0.997,0.491,0.25
25.5,0.977,0.73,0.439,0.057,1.014,0.501,0.255
25.75,0.978,0.731,0.435,0.056,1.131,0.579,0.289
26.0,0.98,0.731,0.436,0.057,1.097,0.556,0.279
26.25,0.979,0.731,0.436,0.057,1.114,0.567,0.284
26.5,0.981,0.731,0.437,0.059,1.2,0.625,0.309
26.75,0.98,0.732,0.439,0.06,1.342,0.723,0.351
27.0,0.98,0.732,0.439,0.06,1.36,0.736,0.356
27.25,0.981,0.731,0.441,0.061,1.36,0.736,0.356
27.5,0.981,0.731,0.441,0.061,1.36,0.736,0.356
27.75,0.981,0.731,0.442,0.061,1.378,0.749,0.361
28.0,0.981,0.731,0.442,0.062,1.36,0.736,0.356
28.25,0.981,0.732,0.443,0.061,1.36,0.736,0.356
28.5,0.981,0.731,0.444,0.062,1.414,0.775,0.372
28.75,0.981,0.732,0.443,0.062,1.36,0.736,0.356
29.0,0.981,0.732,0.444,0.062,1.36,0.736,0.356
29.25,0.981,0.731,0.444,0.063,1.396,0.762,0.367
29.5,0.981,0.732,0.444,0.062,1.414,0.775,0.372
29.75,0.981,0.732,0.444,0.062,1.396,0.762,0.367
30.0,0.981,0.732,0.445,0.062,1.396,0.762,0.367
30.25,0.98,0.732,0.445,0.062,1.396,0.762,0.367
30.5,0.981,0.732,0.445,0.062,1.396,0.762,0.367
30.75,0.981,0.732,0.445,0.062,1.396,0.762,0.367
31.0,0.98,0.732,0.445,0.062,1.396,0.762,0.367
31.25,0.981,0.732,0.445,0.062,1.414,0.775,0.372
31.5,0.981,0.732,0.445,0.062,1.414,0.775,0.372
31.75,0.981,0.732,0.445,0.062,1.433,0.788,0.378
32.0,0.981,0.731,0.445,0.062,1.396,0.762,0.367
32.25,0.98,0.731,0.444,0.062,1.414,0.775,0.372
32.5,0.98,0.732,0.444,0.063,1.396,0.762,0.367
32.75,0.981,0.732,0.444,0.062,1.396,0.762,0.367
33.0,0.98,0.732,0.444,0.062,1.414,0.775,0.372
33.25,0.981,0.732,0.445,0.062,1.396,0.762,0.367
33.5,0.981,0.732,0.444,0.062,1.396,0.762,0.367
33.75,0.98,0.731,0.445,0.062,1.451,0.801,0.383
34.0,0.98,0.732,0.445,0.062,1.414,0.775,0.372
34.25,0.98,0.732,0.444,0.062,1.396,0.762,0.367
34.5,0.981,0.732,0.444,0.062,1.433,0.788,0.378
34.75,0.98,0.732,0.445,0.062,1.414,0.775,0.372
35.0,0.98,0.731,0.444,0.062,1.433,0.788,0.378
35.25,0.98,0.732,0.444,0.062,1.433,0.788,0.378
35.5,0.98,0.732,0.444,0.062,1.396,0.762,0.367
35.75,0.98,0.732,0.444,0.062,1.396,0.762,0.367
36.0,0.98,0.732,0.444,0.062,1.433,0.788,0.378
36.25,0.98,0.731,0.444,0.062,1.433,0.788,0.378
36.5,0.98,0.732,0.444,0.062,1.433,0.788,0.378
36.75,0.98,0.732,0.444,0.062,1.433,0.788,0.378
37.0,0.98,0.731,0.443,0.062,1.414,0.775,0.372
37.25,0.98,0.732,0.444,0.062,1.396,0.762,0.367
37.5,0.98,0.731,0.444,0.062,1.433,0.788,0.378
37.75,0.98,0.732,0.444,0.062,1.396,0.762,0.367
38.0,0.98,0.731,0.442,0.062,1.414,0.775,0.372
38.25,0.979,0.732,0.444,0.062,1.396,0.762,0.367
38.5,0.979,0.732,0.444,0.063,1.414,0.775,0.372
38.75,0.98,0.732,0.444,0.062,1.433,0.788,0.378
39.0,0.98,0.732,0.444,0.061,1.414,0.775,0.372
39.25,0.98,0.732,0.442,0.062,1.433,0.788,0.378
39.5,0.98,0.731,0.442,0.062,1.451,0.801,0.383
39.75,0.98,0.732,0.442,0.061,1.451,0.801,0.383
40.0,0.979,0.731,0.442,0.062,1.433,0.788,0.378
40.25,0.98,0.732,0.442,0.062,1.378,0.749,0.361
40.5,0.979,0.732,0.442,0.062,1.414,0.775,0.372
40.75,0.978,0.731,0.442,0.062,1.396,0.762,0.367
41.0,0.98,0.733,0.442,0.062,1.396,0.762,0.367
41.25,0.979,0.732,0.442,0.062,1.433,0.788,0.378
41.5,0.978,0.731,0.441,0.062,1.451,0.801,0.383
41.75,0.978,0.731,0.441,0.061,1.469,0.814,0.389
42.0,0.978,0.732,0.441,0.062,1.451,0.801,0.383
42.25,0.978,0.731,0.441,0.062,1.433,0.788,0.378
42.5,0.98,0.731,0.441,0.062,1.414,0.775,0.372
42.75,0.979,0.732,0.44,0.061,1.414,0.775,0.372
43.0,0.978,0.731,0.44,0.061,1.433,0.788,0.378
43.25,0.978,0.732,0.441,0.062,1.433,0.788,0.378
43.5,0.979,0.732,0.441,0.062,1.451,0.801,0.383
43.75,0.978,0.732,0.441,0.061,1.414,0.775,0.372
44.0,0.978,0.731,0.441,0.062,1.396,0.762,0.367
44.25,0.979,0.731,0.439,0.062,1.414,0.775,0.372
44.5,0.979,0.732,0.441,0.061,1.396,0.762,0.367
44.75,0.978,0.732,0.44,0.062,1.507,0.842,0.4
45.0,0.978,0.731,0.441,0.062,1.433,0.788,0.378
45.25,0.978,0.732,0.439,0.062,1.451,0.801,0.383
45.5,0.979,0.731,0.439,0.062,1.433,0.788,0.378
45.75,0.978,0.732,0.439,0.062,1.433,0.788,0.378
46.0,0.978,0.731,0.439,0.062,1.451,0.801,0.383
46.25,0.978,0.731,0.439,0.062,1.433,0.788,0.378
46.5,0.978,0.732,0.439,0.062,1.414,0.775,0.372
46.75,0.978,0.731,0.439,0.062,1.414,0.775,0.372
47.0,0.978,0.731,0.439,0.062,1.414,0.775,0.372
47.25,0.978,0.732,0.439,0.061,1.469,0.814,0.389
47.5,0.978,0.731,0.439,0.061,1.396,0.762,0.367
47.75,0.978,0.731,0.438,0.062,1.414,0.775,0.372
48.0,0.978,0.731,0.439,0.062,1.36,0.736,0.356
48.25,0.978,0.731,0.439,0.062,1.414,0.775,0.372
48.5,0.978,0.731,0.439,0.062,1.433,0.788,0.378
48.75,0.978,0.731,0.439,0.062,1.451,0.801,0.383
49.0,0.978,0.731,0.438,0.062,1.396,0.762,0.367
49.25,0.978,0.731,0.438,0.062,1.414,0.775,0.372
49.5,0.978,0.731,0.438,0.062,1.414,0.775,0.372
49.75,0.978,0.731,0.438,0.061,1.396,0.762,0.367
50.0,0.978,0.731,0.438,0.062,1.396,0.762,0.367
50.25,0.978,0.731,0.438,0.062,1.414,0.775,0.372
50.5,0.978,0.732,0.438,0.062,1.396,0.762,0.367
50.75,0.978,0.731,0.438,0.062,1.396,0.762,0.367
51.0,0.977,0.732,0.438,0.062,1.396,0.762,0.367
51.25,0.978,0.73,0.438,0.062,1.414,0.775,0.372
51.5,0.978,0.731,0.439,0.062,1.396,0.762,0.367
51.75,0.977,0.731,0.438,0.062,1.396,0.762,0.367
52.0,0.978,0.731,0.438,0.062,1.396,0.762,0.367
52.25,0.978,0.731,0.438,0.062,1.396,0.762,0.367
52.5,0.978,0.731,0.438,0.062,1.396,0.762,0.367
52.75,0.978,0.731,0.438,0.062,1.396,0.762,0.367
53.0,0.978,0.731,0.438,0.062,1.396,0.762,0.367
53.25,0.977,0.731,0.438,0.062,1.433,0.788,0.378
53.5,0.977,0.731,0.438,0.062,1.433,0.788,0.378
53.75,0.977,0.731,0.438,0.062,1.378,0.749,0.361
54.0,0.977,0.731,0.438,0.061,1.433,0.788,0.378
54.25,0.978,0.73,0.437,0.062,1.469,0.814,0.389
54.5,0.978,0.731,0.437,0.062,1.433,0.788,0.378
54.75,0.977,0.731,0.437,0.062,1.488,0.828,0.394
55.0,0.977,0.731,0.437,0.062,1.414,0.775,0.372
55.25,0.977,0.73,0.437,0.061,1.469,0.814,0.389
55.5,0.977,0.73,0.437,0.062,1.469,0.814,0.389
55.75,0.977,0.731,0.437,0.062,1.433,0.788,0.378
56.0,0.977,0.731,0.436,0.062,1.451,0.801,0.383
56.25,0.977,0.73,0.436,0.062,1.433,0.788,0.378
56.5,0.977,0.73,0.436,0.062,1.396,0.762,0.367
56.75,0.977,0.731,0.436,0.062,1.469,0.814,0.389
57.0,0.977,0.73,0.437,0.061,1.414,0.775,0.372
57.25,0.975,0.73,0.436,0.062,1.396,0.762,0.367
57.5,0.976,0.73,0.436,0.06,1.433,0.788,0.378
57.75,0.976,0.73,0.437,0.06,1.131,0.579,0.289
58.0,0.975,0.73,0.436,0.06,1.149,0.59,0.294
58.25,0.975,0.73,0.436,0.06,1.235,0.649,0.319
58.5,0.975,0.73,0.436,0.06,1.27,0.673,0.329
58.75,0.975,0.73,0.436,0.06,1.27,0.673,0.329
59.0,0.975,0.73,0.436,0.06,1.306,0.698,0.34
59.25,0.976,0.73,0.436,0.06,1.253,0.661,0.324
59.5,0.976,0.73,0.436,0.06,1.235,0.649,0.319
59.75,0.976,0.73,0.436,0.06,1.218,0.637,0.314
60.0,0.976,0.731,0.434,0.06,1.166,0.602,0.299
60.25,0.977,0.731,0.434,0.06,1.166,0.602,0.299
60.5,0.976,0.73,0.434,0.06,1.166,0.602,0.299
60.75,0.977,0.731,0.434,0.06,1.166,0.602,0.299
61.0,0.976,0.731,0.433,0.06,1.166,0.602,0.299
61.25,0.976,0.731,0.432,0.06,1.149,0.59,0.294
61.5,0.976,0.731,0.432,0.06,1.149,0.59,0.294
61.75,0.976,0.73,0.431,0.06,1.131,0.579,0.289
62.0,0.975,0.73,0.431,0.059,1.131,0.579,0.289
62.25,0.975,0.731,0.43,0.06,1.166,0.602,0.299
62.5,0.976,0.73,0.43,0.06,1.166,0.602,0.299
62.75,0.976,0.73,0.43,0.06,1.166,0.602,0.299
63.0,0.976,0.731,0.43,0.059,1.166,0.602,0.299
63.25,0.975,0.73,0.429,0.06,1.183,0.613,0.304
63.5,0.977,0.731,0.43,0.06,1.183,0.613,0.304
63.75,0.976,0.73,0.43,0.06,1.2,0.625,0.309
64.0,0.976,0.731,0.43,0.059,1.27,0.673,0.329
64.25,0.976,0.73,0.429,0.059,1.149,0.59,0.294
64.5,0.975,0.731,0.429,0.059,1.131,0.579,0.289
64.75,0.975,0.73,0.429,0.059,1.081,0.545,0.274
65.0,0.975,0.731,0.428,0.06,1.047,0.523,0.265
65.25,0.975,0.729,0.426,0.058,1.047,0.523,0.265
65.5,0.974,0.73,0.425,0.058,1.097,0.556,0.279
65.75,0.974,0.73,0.425,0.058,1.097,0.556,0.279
66.0,0.974,0.73,0.425,0.058,1.097,0.556,0.279
66.25,0.973,0.729,0.424,0.058,1.166,0.602,0.299
66.5,0.973,0.729,0.424,0.057,1.131,0.579,0.289
66.75,0.973,0.73,0.423,0.058,1.097,0.556,0.279
67.0,0.973,0.729,0.423,0.057,1.047,0.523,0.265
67.25,0.973,0.73,0.422,0.057,0.981,0.48,0.246
67.5,0.973,0.73,0.421,0.057,0.981,0.48,0.246
67.75,0.973,0.73,0.421,0.057,0.981,0.48,0.246
68.0,0.974,0.73,0.421,0.057,1.014,0.501,0.255
68.25,0.974,0.731,0.42,0.057,1.014,0.501,0.255
68.5,0.974,0.73,0.421,0.057,1.064,0.534,0.269
68.75,0.973,0.73,0.421,0.057,1.114,0.567,0.284
69.0,0.974,0.73,0.421,0.057,1.064,0.534,0.269
69.25,0.974,0.73,0.421,0.057,1.014,0.501,0.255
69.5,0.974,0.73,0.42,0.057,0.997,0.491,0.25
69.75,0.975,0.73,0.42,0.057,1.014,0.501,0.255
70.0,0.974,0.73,0.42,0.057,0.981,0.48,0.246
70.25,0.974,0.73,0.418,0.057,0.964,0.47,0.241
70.5,0.974,0.73,0.418,0.057,0.964,0.47,0.241
70.75,0.973,0.73,0.418,0.057,1.03,0.512,0.26
71.0,0.974,0.73,0.417,0.057,1.03,0.512,0.26
71.25,0.974,0.73,0.418,0.057,1.047,0.523,0.265
71.5,0.974,0.73,0.418,0.057,1.047,0.523,0.265
71.75,0.974,0.73,0.418,0.057,1.03,0.512,0.26
72.0,0.974,0.73,0.418,0.058,0.997,0.491,0.25
72.25,0.974,0.73,0.418,0.058,0.981,0.48,0.246
72.5,0.973,0.73,0.418,0.058,0.964,0.47,0.241
72.75,0.973,0.73,0.417,0.057,0.964,0.47,0.241
73.0,0.973,0.73,0.417,0.058,0.981,0.48,0.246
73.25,0.973,0.729,0.417,0.058,0.981,0.48,0.246
73.5,0.974,0.73,0.417,0.057,0.981,0.48,0.246
73.75,0.973,0.73,0.416,0.057,0.981,0.48,0.246
74.0,0.974,0.73,0.416,0.057,0.981,0.48,0.246
74.25,0.974,0.73,0.415,0.057,0.981,0.48,0.246
74.5,0.973,0.729,0.414,0.057,0.981,0.48,0.246
74.75,0.973,0.73,0.413,0.056,0.997,0.491,0.25
75.0,0.973,0.729,0.413,0.056,0.981,0.48,0.246
75.25,0.973,0.73,0.413,0.056,0.981,0.48,0.246
75.5,0.974,0.73,0.413,0.056,0.981,0.48,0.246
75.75,0.974,0.73,0.413,0.057,0.981,0.48,0.246
76.0,0.974,0.729,0.413,0.057,0.964,0.47,0.241
76.25,0.973,0.729,0.412,0.057,1.047,0.523,0.265
76.5,0.973,0.73,0.412,0.057,0.932,0.449,0.232
76.75,0.973,0.729,0.412,0.057,0.932,0.449,0.232
77.0,0.974,0.73,0.412,0.056,0.932,0.449,0.232
77.25,0.973,0.73,0.411,0.056,0.964,0.47,0.241
77.5,0.973,0.73,0.411,0.056,0.964,0.47,0.241
77.75,0.974,0.729,0.41,0.056,0.948,0.459,0.236
78.0,0.973,0.729,0.41,0.056,0.9,0.429,0.223
78.25,0.973,0.73,0.41,0.056,0.884,0.419,0.218
78.5,0.974,0.729,0.409,0.056,0.884,0.419,0.218
78.75,0.973,0.729,0.409,0.056,0.964,0.47,0.241
79.0,0.973,0.729,0.408,0.056,0.932,0.449,0.232
79.25,0.973,0.73,0.407,0.056,0.948,0.459,0.236
79.5,0.973,0.73,0.407,0.057,0.948,0.459,0.236
79.75,0.973,0.729,0.407,0.056,0.948,0.459,0.236
80.0,0.973,0.729,0.407,0.056,0.948,0.459,0.236
80.25,0.973,0.729,0.406,0.056,0.932,0.449,0.232
80.5,0.973,0.73,0.406,0.057,0.932,0.449,0.232
80.75,0.973,0.729,0.406,0.057,0.932,0.449,0.232
81.0,0.973,0.729,0.406,0.056,0.932,0.449,0.232
81.25,0.973,0.729,0.405,0.056,0.932,0.449,0.232
81.5,0.973,0.729,0.404,0.056,0.916,0.439,0.227
81.75,0.973,0.729,0.404,0.055,0.916,0.439,0.227
82.0,0.972,0.729,0.402,0.055,0.948,0.459,0.236
82.25,0.973,0.729,0.402,0.056,0.964,0.47,0.241
82.5,0.973,0.729,0.403,0.056,0.948,0.459,0.236
82.75,0.973,0.729,0.402,0.056,0.884,0.419,0.218
83.0,0.973,0.729,0.404,0.056,0.916,0.439,0.227
83.25,0.973,0.729,0.402,0.056,0.884,0.419,0.218
83.5,0.973,0.729,0.401,0.056,0.932,0.449,0.232
83.75,0.972,0.729,0.398,0.055,0.916,0.439,0.227
84.0,0.972,0.729,0.4,0.055,0.916,0.439,0.227
84.25,0.973,0.729,0.399,0.054,0.9,0.429,0.223
84.5,0.973,0.729,0.4,0.055,0.884,0.419,0.218
84.75,0.973,0.729,0.399,0.055,0.884,0.419,0.218
85.0,0.973,0.729,0.399,0.054,0.884,0.419,0.218
85.25,0.973,0.729,0.398,0.054,0.884,0.419,0.218
85.5,0.973,0.729,0.398,0.054,0.9,0.429,0.223
85.75,0.972,0.729,0.398,0.055,0.9,0.429,0.223
86.0,0.973,0.729,0.397,0.054,0.9,0.429,0.223
86.25,0.973,0.729,0.398,0.054,0.916,0.439,0.227
86.5,0.973,0.729,0.398,0.054,0.916,0.439,0.227
86.75,0.974,0.729,0.399,0.055,0.932,0.449,0.232
87.0,0.973,0.728,0.398,0.055,0.916,0.439,0.227
87.25,0.974,0.729,0.399,0.055,0.916,0.439,0.227
87.5,0.973,0.729,0.399,0.055,0.916,0.439,0.227
87.75,0.973,0.729,0.399,0.055,0.9,0.429,0.223
88.0,0.974,0.728,0.398,0.056,0.884,0.419,0.218
88.25,0.973,0.729,0.398,0.055,0.9,0.429,0.223
88.5,0.973,0.729,0.398,0.055,0.9,0.429,0.223
88.75,0.973,0.729,0.398,0.055,0.9,0.429,0.223
89.0,0.974,0.728,0.401,0.056,0.981,0.48,0.246
89.25,0.973,0.728,0.401,0.057,0.981,0.48,0.246
89.5,0.973,0.728,0.401,0.057,0.981,0.48,0.246
89.75,0.973,0.727,0.401,0.056,1.014,0.501,0.255
90.0,0.973,0.728,0.4,0.056,1.014,0.501,0.255
90.25,0.973,0.728,0.399,0.056,0.997,0.491,0.25
90.5,0.973,0.728,0.398,0.056,0.981,0.48,0.246
90.75,0.973,0.728,0.399,0.056,0.964,0.47,0.241
91.0,0.973,0.729,0.401,0.057,0.964,0.47,0.241
91.25,0.973,0.728,0.402,0.057,0.932,0.449,0.232
91.5,0.973,0.729,0.401,0.056,0.932,0.449,0.232
91.75,0.973,0.727,0.399,0.056,0.964,0.47,0.241
92.0,0.972,0.727,0.397,0.054,1.014,0.501,0.255
92.25,0.972,0.727,0.396,0.054,0.964,0.47,0.241
92.5,0.974,0.729,0.407,0.06,1.451,0.801,0.383
92.75,0.975,0.727,0.407,0.06,1.306,0.698,0.34
93.0,0.973,0.727,0.408,0.061,1.27,0.673,0.329
93.25,0.974,0.727,0.408,0.061,1.306,0.698,0.34
93.5,0.975,0.728,0.409,0.061,1.27,0.673,0.329
93.75,0.974,0.727,0.409,0.061,1.27,0.673,0.329
94.0,0.974,0.727,0.409,0.06,1.253,0.661,0.324
94.25,0.974,0.727,0.409,0.061,1.253,0.661,0.324
94.5,0.974,0.727,0.409,0.061,1.253,0.661,0.324
94.75,0.973,0.727,0.41,0.06,1.27,0.673,0.329
95.0,0.974,0.727,0.41,0.061,1.27,0.673,0.329
95.25,0.974,0.727,0.41,0.06,1.253,0.661,0.324
95.5,0.973,0.727,0.41,0.061,1.253,0.661,0.324
95.75,0.974,0.727,0.41,0.061,1.306,0.698,0.34
96.0,0.974,0.727,0.41,0.061,1.306,0.698,0.34
96.25,0.973,0.727,0.411,0.061,1.324,0.711,0.345
96.5,0.973,0.727,0.412,0.061,1.324,0.711,0.345
96.75,0.973,0.727,0.412,0.061,1.324,0.711,0.345
97.0,0.973,0.727,0.412,0.061,1.324,0.711,0.345
97.25,0.973,0.727,0.413,0.062,1.324,0.711,0.345
97.5,0.973,0.727,0.413,0.061,1.342,0.723,0.351
97.75,0.973,0.726,0.413,0.061,1.342,0.723,0.351
98.0,0.973,0.727,0.414,0.062,1.36,0.736,0.356
98.25,0.973,0.727,0.414,0.062,1.324,0.711,0.345
98.5,0.973,0.727,0.414,0.061,1.342,0.723,0.351
98.75,0.973,0.727,0.415,0.061,1.396,0.762,0.367
99.0,0.972,0.727,0.415,0.061,1.342,0.723,0.351
99.25,0.973,0.726,0.416,0.061,1.36,0.736,0.356
99.5,0.973,0.727,0.417,0.061,1.414,0.775,0.372
99.75,0.972,0.727,0.417,0.061,1.36,0.736,0.356
100.0,0.973,0.727,0.418,0.061,1.396,0.762,0.367
100.25,0.973,0.726,0.418,0.061,1.342,0.723,0.351
100.5,0.972,0.726,0.418,0.061,1.36,0.736,0.356
100.75,0.973,0.726,0.418,0.062,1.36,0.736,0.356
101.0,0.972,0.727,0.418,0.062,1.36,0.736,0.356
101.25,0.972,0.726,0.419,0.061,1.396,0.762,0.367
101.5,0.973,0.727,0.42,0.061,1.378,0.749,0.361
101.75,0.972,0.727,0.419,0.062,1.342,0.723,0.351
102.0,0.973,0.727,0.42,0.061,1.414,0.775,0.372
102.25,0.973,0.726,0.42,0.061,1.378,0.749,0.361
102.5,0.973,0.726,0.42,0.061,1.36,0.736,0.356
102.75,0.972,0.726,0.42,0.062,1.36,0.736,0.356
103.0,0.972,0.727,0.42,0.062,1.378,0.749,0.361
103.25,0.972,0.726,0.42,0.062,1.396,0.762,0.367
103.5,0.972,0.726,0.421,0.062,1.433,0.788,0.378
103.75,0.972,0.726,0.421,0.061,1.414,0.775,0.372
104.0,0.972,0.726,0.421,0.062,1.433,0.788,0.378
104.25,0.972,0.726,0.422,0.062,1.342,0.723,0.351
104.5,0.972,0.726,0.421,0.062,1.36,0.736,0.356
104.75,0.971,0.726,0.421,0.062,1.36,0.736,0.356
105.0,0.971,0.725,0.422,0.062,1.36,0.736,0.356
105.25,0.971,0.726,0.422,0.062,1.378,0.749,0.361
105.5,0.972,0.726,0.422,0.062,1.378,0.749,0.361
105.75,0.972,0.726,0.422,0.061,1.36,0.736,0.356
106.0,0.972,0.725,0.422,0.062,1.378,0.749,0.361
106.25,0.971,0.726,0.422,0.062,1.378,0.749,0.361
106.5,0.971,0.725,0.422,0.062,1.36,0.736,0.356
106.75,0.971,0.725,0.422,0.062,1.396,0.762,0.367
107.0,0.971,0.726,0.423,0.062,1.378,0.749,0.361
107.25,0.971,0.726,0.423,0.062,1.36,0.736,0.356
107.5,0.97,0.726,0.423,0.062,1.378,0.749,0.361
107.75,0.971,0.725,0.423,0.062,1.414,0.775,0.372
108.0,0.971,0.726,0.423,0.062,1.342,0.723,0.351
108.25,0.971,0.725,0.424,0.062,1.396,0.762,0.367
108.5,0.97,0.725,0.424,0.062,1.433,0.788,0.378
108.75,0.97,0.726,0.423,0.062,1.396,0.762,0.367
109.0,0.97,0.725,0.425,0.062,1.433,0.788,0.378
109.25,0.971,0.725,0.425,0.062,1.433,0.788,0.378
109.5,0.971,0.726,0.425,0.062,1.396,0.762,0.367
109.75,0.97,0.725,0.425,0.062,1.378,0.749,0.361
110.0,0.97,0.725,0.425,0.062,1.342,0.723,0.351
110.25,0.97,0.725,0.425,0.062,1.342,0.723,0.351
110.5,0.97,0.725,0.425,0.062,1.36,0.736,0.356
110.75,0.97,0.725,0.425,0.062,1.342,0.723,0.351
111.0,0.97,0.725,0.425,0.062,1.342,0.723,0.351
111.25,0.97,0.725,0.425,0.062,1.378,0.749,0.361
111.5,0.97,0.725,0.426,0.062,1.396,0.762,0.367
111.75,0.97,0.725,0.426,0.062,1.36,0.736,0.356
112.0,0.97,0.725,0.426,0.062,1.36,0.736,0.356
112.25,0.97,0.725,0.426,0.062,1.342,0.723,0.351
112.5,0.97,0.725,0.426,0.062,1.36,0.736,0.356
112.75,0.97,0.725,0.426,0.062,1.342,0.723,0.351
113.0,0.97,0.725,0.426,0.062,1.378,0.749,0.361
113.25,0.97,0.726,0.426,0.062,1.342,0.723,0.351
113.5,0.97,0.725,0.426,0.061,1.324,0.711,0.345
113.75,0.97,0.725,0.426,0.062,1.183,0.613,0.304
114.0,0.97,0.725,0.425,0.062,1.149,0.59,0.294
114.25,0.97,0.725,0.425,0.062,1.131,0.579,0.289
114.5,0.971,0.725,0.426,0.061,1.131,0.579,0.289
114.75,0.97,0.725,0.425,0.061,1.114,0.567,0.284
115.0,0.97,0.725,0.425,0.061,1.114,0.567,0.284
115.25,0.969,0.725,0.424,0.061,1.114,0.567,0.284
115.5,0.97,0.725,0.423,0.061,1.131,0.579,0.289
115.75,0.969,0.725,0.423,0.061,1.149,0.59,0.294
116.0,0.969,0.725,0.423,0.06,1.166,0.602,0.299
116.25,0.969,0.725,0.422,0.06,1.131,0.579,0.289
116.5,0.97,0.725,0.423,0.06,1.081,0.545,0.274
116.75,0.969,0.725,0.422,0.06,1.03,0.512,0.26
117.0,0.97,0.725,0.422,0.06,0.997,0.491,0.25
117.25,0.969,0.726,0.422,0.06,1.014,0.501,0.255
117.5,0.969,0.725,0.422,0.06,1.03,0.512,0.26
117.75,0.969,0.725,0.422,0.06,1.064,0.534,0.269
118.0,0.97,0.725,0.422,0.06,1.149,0.59,0.294
118.25,0.97,0.725,0.422,0.06,1.114,0.567,0.284
118.5,0.97,0.725,0.422,0.06,1.097,0.556,0.279
118.75,0.97,0.725,0.422,0.061,1.114,0.567,0.284
119.0,0.969,0.725,0.421,0.06,1.114,0.567,0.284
119.25,0.97,0.725,0.42,0.06,1.097,0.556,0.279
119.5,0.969,0.725,0.42,0.06,1.064,0.534,0.269
119.75,0.969,0.725,0.42,0.06,1.047,0.523,0.265
120.0,0.97,0.725,0.42,0.059,1.047,0.523,0.265
120.25,0.97,0.725,0.418,0.059,0.997,0.491,0.25
120.5,0.97,0.725,0.417,0.059,1.064,0.534,0.269
120.75,0.969,0.725,0.417,0.058,1.014,0.501,0.255
121.0,0.969,0.725,0.415,0.058,1.014,0.501,0.255
121.25,0.969,0.725,0.414,0.058,1.014,0.501,0.255
121.5,0.969,0.725,0.414,0.058,1.03,0.512,0.26
121.75,0.969,0.725,0.414,0.058,1.014,0.501,0.255
122.0,0.969,0.725,0.414,0.058,1.014,0.501,0.255
122.25,0.969,0.725,0.413,0.058,1.03,0.512,0.26
122.5,0.969,0.725,0.413,0.058,1.047,0.523,0.265
122.75,0.969,0.725,0.412,0.058,1.047,0.523,0.265
123.0,0.969,0.725,0.412,0.058,1.047,0.523,0.265
123.25,0.969,0.725,0.412,0.058,1.047,0.523,0.265
123.5,0.968,0.725,0.411,0.058,1.014,0.501,0.255
123.75,0.969,0.725,0.41,0.057,0.964,0.47,0.241
124.0,0.969,0.725,0.409,0.057,0.948,0.459,0.236
124.25,0.969,0.725,0.409,0.057,0.964,0.47,0.241
124.5,0.969,0.725,0.409,0.057,0.997,0.491,0.25
124.75,0.969,0.725,0.409,0.057,0.932,0.449,0.232
125.0,0.969,0.724,0.408,0.057,0.884,0.419,0.218
125.25,0.969,0.725,0.407,0.057,0.852,0.399,0.209
125.5,0.968,0.725,0.407,0.057,0.836,0.39,0.205
125.75,0.969,0.725,0.406,0.056,0.836,0.39,0.205
126.0,0.968,0.725,0.406,0.056,0.805,0.371,0.196
126.25,0.968,0.725,0.405,0.056,0.789,0.361,0.192
126.5,0.968,0.725,0.405,0.056,0.805,0.371,0.196
126.75,0.968,0.725,0.404,0.056,0.836,0.39,0.205
127.0,0.968,0.724,0.404,0.056,0.852,0.399,0.209
127.25,0.967,0.725,0.404,0.056,0.884,0.419,0.218
127.5,0.969,0.725,0.403,0.056,0.9,0.429,0.223
127.75,0.967,0.725,0.402,0.057,0.916,0.439,0.227
128.0,0.969,0.724,0.402,0.056,0.948,0.459,0.236
128.25,0.968,0.724,0.402,0.057,0.948,0.459,0.236
128.5,0.969,0.725,0.402,0.057,0.916,0.439,0.227
128.75,0.968,0.725,0.402,0.056,0.916,0.439,0.227
129.0,0.969,0.725,0.401,0.057,0.932,0.449,0.232
129.25,0.968,0.724,0.4,0.057,0.852,0.399,0.209
129.5,0.967,0.725,0.399,0.056,0.9,0.429,0.223
129.75,0.966,0.724,0.398,0.056,0.789,0.361,0.192
130.0,0.965,0.724,0.396,0.055,0.789,0.361,0.192
130.25,0.966,0.724,0.393,0.054,0.932,0.449,0.232
130.5,0.967,0.725,0.393,0.055,0.948,0.459,0.236
130.75,0.968,0.724,0.393,0.056,0.964,0.47,0.241
131.0,0.968,0.725,0.393,0.056,0.964,0.47,0.241
131.25,0.967,0.724,0.393,0.056,0.868,0.409,0.214
131.5,0.968,0.724,0.392,0.056,0.821,0.38,0.201
131.75,0.967,0.723,0.392,0.057,0.836,0.39,0.205
132.0,0.967,0.724,0.392,0.056,0.821,0.38,0.201
132.25,0.969,0.724,0.392,0.055,0.884,0.419,0.218
132.5,0.967,0.724,0.392,0.056,0.852,0.399,0.209
132.75,0.967,0.724,0.391,0.056,0.805,0.371,0.196
133.0,0.967,0.724,0.39,0.055,0.884,0.419,0.218
133.25,0.967,0.724,0.39,0.055,0.868,0.409,0.214
133.5,0.967,0.724,0.389,0.055,0.852,0.399,0.209
133.75,0.967,0.724,0.389,0.055,0.852,0.399,0.209
134.0,0.968,0.723,0.388,0.055,0.805,0.371,0.196
134.25,0.967,0.724,0.388,0.055,0.805,0.371,0.196
134.5,0.967,0.723,0.388,0.055,0.836,0.39,0.205
134.75,0.967,0.724,0.387,0.055,0.852,0.399,0.209
135.0,0.966,0.724,0.386,0.055,0.852,0.399,0.209
135.25,0.967,0.723,0.386,0.055,0.836,0.39,0.205
135.5,0.967,0.723,0.385,0.055,0.821,0.38,0.201
135.75,0.966,0.723,0.384,0.055,0.852,0.399,0.209
136.0,0.967,0.723,0.384,0.055,0.836,0.39,0.205
136.25,0.967,0.723,0.384,0.054,0.868,0.409,0.214
136.5,0.967,0.724,0.382,0.055,0.884,0.419,0.218
136.75,0.967,0.723,0.381,0.055,0.821,0.38,0.201
137.0,0.967,0.723,0.38,0.055,0.852,0.399,0.209
137.25,0.967,0.723,0.38,0.055,0.884,0.419,0.218
137.5,0.967,0.722,0.38,0.054,0.836,0.39,0.205
137.75,0.967,0.723,0.38,0.055,0.868,0.409,0.214
138.0,0.967,0.723,0.38,0.055,0.884,0.419,0.218
138.25,0.967,0.723,0.379,0.054,0.852,0.399,0.209
138.5,0.967,0.723,0.379,0.054,0.852,0.399,0.209
138.75,0.967,0.722,0.379,0.055,0.9,0.429,0.223
139.0,0.967,0.722,0.377,0.054,0.836,0.39,0.205
139.25,0.966,0.722,0.375,0.054,0.836,0.39,0.205
139.5,0.967,0.723,0.374,0.054,0.805,0.371,0.196
139.75,0.966,0.722,0.373,0.054,0.774,0.352,0.188
140.0,0.965,0.722,0.372,0.053,0.868,0.409,0.214
140.25,0.966,0.723,0.372,0.053,0.884,0.419,0.218
140.5,0.966,0.722,0.371,0.054,0.852,0.399,0.209
140.75,0.966,0.722,0.37,0.053,0.868,0.409,0.214
141.0,0.966,0.722,0.37,0.054,0.916,0.439,0.227
141.25,0.966,0.722,0.37,0.053,0.821,0.38,0.201
141.5,0.965,0.722,0.369,0.053,0.9,0.429,0.223
141.75,0.965,0.722,0.369,0.053,0.9,0.429,0.223
142.0,0.969,0.722,0.368,0.055,1.131,0.579,0.289
142.25,0.969,0.722,0.368,0.055,0.964,0.47,0.241
142.5,0.969,0.723,0.368,0.055,0.948,0.459,0.236
142.75,0.969,0.723,0.368,0.054,0.932,0.449,0.232
143.0,0.97,0.723,0.37,0.055,0.964,0.47,0.241
143.25,0.969,0.723,0.371,0.056,1.014,0.501,0.255
143.5,0.97,0.723,0.372,0.057,1.03,0.512,0.26
143.75,0.97,0.722,0.373,0.057,1.081,0.545,0.274
144.0,0.97,0.723,0.373,0.058,1.114,0.567,0.284
144.25,0.97,0.723,0.374,0.058,1.114,0.567,0.284
144.5,0.97,0.722,0.375,0.058,1.114,0.567,0.284
144.75,0.969,0.722,0.375,0.059,1.131,0.579,0.289
145.0,0.97,0.723,0.377,0.059,1.149,0.59,0.294
145.25,0.97,0.722,0.378,0.058,1.166,0.602,0.299
145.5,0.97,0.722,0.378,0.059,1.149,0.59,0.294
145.75,0.97,0.723,0.379,0.059,1.149,0.59,0.294
146.0,0.97,0.722,0.38,0.06,1.2,0.625,0.309
146.25,0.97,0.722,0.381,0.059,1.131,0.579,0.289
146.5,0.97,0.722,0.384,0.06,1.218,0.637,0.314
146.75,0.97,0.723,0.384,0.061,1.2,0.625,0.309
147.0,0.97,0.723,0.384,0.061,1.2,0.625,0.309
147.25,0.97,0.722,0.386,0.06,1.2,0.625,0.309
147.5,0.969,0.722,0.388,0.06,1.253,0.661,0.324
147.75,0.969,0.722,0.389,0.061,1.27,0.673,0.329
148.0,0.97,0.723,0.39,0.061,1.253,0.661,0.324
148.25,0.969,0.723,0.391,0.061,1.27,0.673,0.329
148.5,0.97,0.722,0.392,0.061,1.27,0.673,0.329
148.75,0.969,0.722,0.394,0.061,1.27,0.673,0.329
149.0,0.969,0.722,0.394,0.061,1.27,0.673,0.329
149.25,0.969,0.722,0.394,0.061,1.235,0.649,0.319
149.5,0.969,0.722,0.395,0.061,1.235,0.649,0.319
149.75,0.969,0.722,0.396,0.062,1.235,0.649,0.319
150.0,0.969,0.722,0.396,0.061,1.235,0.649,0.319
150.25,0.969,0.722,0.396,0.061,1.235,0.649,0.319
150.5,0.969,0.722,0.396,0.061,1.235,0.649,0.319
150.75,0.969,0.722,0.397,0.061,1.253,0.661,0.324
151.0,0.969,0.722,0.397,0.061,1.27,0.673,0.329
151.25,0.969,0.721,0.397,0.061,1.235,0.649,0.319
151.5,0.969,0.722,0.398,0.061,1.253,0.661,0.324
151.75,0.969,0.722,0.398,0.061,1.235,0.649,0.319
152.0,0.969,0.722,0.398,0.061,1.253,0.661,0.324
152.25,0.969,0.722,0.398,0.061,1.253,0.661,0.324
152.5,0.969,0.722,0.398,0.061,1.253,0.661,0.324
152.75,0.969,0.721,0.399,0.061,1.253,0.661,0.324
153.0,0.968,0.722,0.4,0.061,1.288,0.686,0.335
153.25,0.968,0.722,0.401,0.062,1.306,0.698,0.34
153.5,0.969,0.722,0.401,0.061,1.27,0.673,0.329
153.75,0.968,0.722,0.401,0.061,1.288,0.686,0.335
154.0,0.969,0.722,0.402,0.062,1.288,0.686,0.335
154.25,0.968,0.722,0.402,0.061,1.27,0.673,0.329
154.5,0.968,0.721,0.403,0.061,1.288,0.686,0.335
154.75,0.968,0.722,0.404,0.061,1.324,0.711,0.345
155.0,0.968,0.722,0.404,0.062,1.306,0.698,0.34
155.25,0.968,0.722,0.404,0.061,1.324,0.711,0.345
155.5,0.969,0.722,0.404,0.062,1.306,0.698,0.34
155.75,0.968,0.721,0.405,0.061,1.306,0.698,0.34
156.0,0.968,0.722,0.405,0.062,1.306,0.698,0.34
156.25,0.968,0.721,0.405,0.062,1.27,0.673,0.329
156.5,0.967,0.721,0.406,0.062,1.306,0.698,0.34
156.75,0.967,0.721,0.406,0.061,1.288,0.686,0.335
157.0,0.967,0.721,0.406,0.062,1.288,0.686,0.335
157.25,0.967,0.721,0.406,0.062,1.288,0.686,0.335
157.5,0.966,0.721,0.413,0.061,1.525,0.855,0.405
157.75,0.966,0.721,0.413,0.062,1.342,0.723,0.351
158.0,0.967,0.721,0.414,0.062,1.378,0.749,0.361
158.25,0.967,0.721,0.414,0.062,1.324,0.711,0.345
158.5,0.967,0.721,0.414,0.062,1.36,0.736,0.356
158.75,0.967,0.721,0.414,0.061,1.306,0.698,0.34
159.0,0.967,0.721,0.415,0.062,1.324,0.711,0.345
159.25,0.966,0.721,0.414,0.062,1.36,0.736,0.356
159.5,0.966,0.72,0.415,0.062,1.342,0.723,0.351
159.75,0.966,0.72,0.416,0.062,1.324,0.711,0.345
160.0,0.966,0.719,0.416,0.061,1.324,0.711,0.345
160.25,0.967,0.72,0.416,0.062,1.36,0.736,0.356
160.5,0.967,0.72,0.417,0.062,1.324,0.711,0.345
160.75,0.966,0.72,0.417,0.062,1.306,0.698,0.34
161.0,0.966,0.72,0.416,0.062,1.306,0.698,0.34
161.25,0.966,0.721,0.416,0.062,1.324,0.711,0.345
161.5,0.966,0.72,0.416,0.062,1.324,0.711,0.345
161.75,0.966,0.72,0.416,0.062,1.306,0.698,0.34
162.0,0.967,0.721,0.417,0.061,1.324,0.711,0.345
162.25,0.966,0.72,0.417,0.062,1.306,0.698,0.34
162.5,0.966,0.72,0.417,0.062,1.306,0.698,0.34
162.75,0.966,0.72,0.417,0.062,1.306,0.698,0.34
163.0,0.964,0.721,0.418,0.062,1.324,0.711,0.345
163.25,0.966,0.72,0.418,0.062,1.306,0.698,0.34
163.5,0.966,0.72,0.418,0.062,1.324,0.711,0.345
163.75,0.966,0.72,0.418,0.062,1.324,0.711,0.345
164.0,0.966,0.72,0.418,0.062,1.342,0.723,0.351
164.25,0.966,0.719,0.418,0.062,1.342,0.723,0.351
164.5,0.966,0.72,0.418,0.062,1.306,0.698,0.34
164.75,0.966,0.72,0.418,0.062,1.36,0.736,0.356
165.0,0.966,0.721,0.418,0.062,1.324,0.711,0.345
165.25,0.966,0.72,0.418,0.062,1.324,0.711,0.345
165.5,0.966,0.72,0.418,0.061,1.342,0.723,0.351
165.75,0.966,0.719,0.418,0.062,1.342,0.723,0.351
166.0,0.965,0.72,0.418,0.062,1.324,0.711,0.345
166.25,0.965,0.72,0.42,0.062,1.396,0.762,0.367
166.5,0.966,0.72,0.42,0.062,1.342,0.723,0.351
166.75,0.965,0.719,0.42,0.062,1.324,0.711,0.345
167.0,0.966,0.72,0.42,0.062,1.324,0.711,0.345
167.25,0.966,0.72,0.42,0.062,1.306,0.698,0.34
167.5,0.966,0.72,0.42,0.062,1.324,0.711,0.345
167.75,0.965,0.719,0.42,0.062,1.342,0.723,0.351
168.0,0.966,0.719,0.42,0.062,1.378,0.749,0.361
168.25,0.965,0.719,0.42,0.062,1.324,0.711,0.345
168.5,0.965,0.719,0.42,0.062,1.324,0.711,0.345
168.75,0.966,0.719,0.42,0.062,1.306,0.698,0.34
169.0,0.966,0.719,0.42,0.062,1.324,0.711,0.345
169.25,0.966,0.719,0.42,0.062,1.324,0.711,0.345
169.5,0.966,0.72,0.42,0.062,1.342,0.723,0.351
169.75,0.966,0.719,0.42,0.062,1.324,0.711,0.345
170.0,0.966,0.719,0.42,0.062,1.342,0.723,0.351
170.25,0.966,0.719,0.42,0.062,1.324,0.711,0.345
170.5,0.966,0.72,0.42,0.062,1.306,0.698,0.34
170.75,0.966,0.719,0.42,0.062,1.324,0.711,0.345
171.0,0.965,0.719,0.421,0.062,1.324,0.711,0.345
171.25,0.966,0.72,0.421,0.062,1.324,0.711,0.345
171.5,0.966,0.72,0.421,0.062,1.324,0.711,0.345
171.75,0.965,0.72,0.421,0.062,1.324,0.711,0.345
172.0,0.966,0.719,0.42,0.062,1.306,0.698,0.34
172.25,0.966,0.72,0.42,0.062,1.306,0.698,0.34
172.5,0.966,0.719,0.421,0.062,1.306,0.698,0.34
172.75,0.966,0.72,0.42,0.062,1.306,0.698,0.34
173.0,0.966,0.719,0.42,0.062,1.306,0.698,0.34
173.25,0.966,0.719,0.42,0.062,1.342,0.723,0.351
173.5,0.965,0.719,0.42,0.062,1.288,0.686,0.335
173.75,0.966,0.719,0.42,0.062,1.288,0.686,0.335
174.0,0.966,0.719,0.421,0.062,1.306,0.698,0.34
174.25,0.966,0.72,0.42,0.061,1.27,0.673,0.329
174.5,0.966,0.719,0.42,0.062,1.235,0.649,0.319
174.75,0.966,0.719,0.42,0.061,1.235,0.649,0.319
175.0,0.965,0.719,0.42,0.061,1.218,0.637,0.314
175.25,0.965,0.719,0.42,0.061,1.183,0.613,0.304
175.5,0.965,0.718,0.42,0.06,1.183,0.613,0.304
175.75,0.965,0.718,0.419,0.06,1.2,0.625,0.309
176.0,0.966,0.719,0.418,0.06,1.2,0.625,0.309
176.25,0.965,0.72,0.418,0.06,1.235,0.649,0.319
176.5,0.966,0.719,0.418,0.061,1.2,0.625,0.309
176.75,0.966,0.719,0.418,0.06,1.183,0.613,0.304
177.0,0.966,0.72,0.418,0.06,1.166,0.602,0.299
177.25,0.965,0.719,0.416,0.06,1.149,0.59,0.294
177.5,0.965,0.719,0.417,0.06,1.149,0.59,0.294
177.75,0.965,0.718,0.416,0.06,1.149,0.59,0.294
178.0,0.965,0.719,0.416,0.06,1.149,0.59,0.294
178.25,0.965,0.719,0.415,0.06,1.114,0.567,0.284
178.5,0.966,0.719,0.415,0.06,1.114,0.567,0.284
178.75,0.966,0.719,0.415,0.059,1.114,0.567,0.284
179.0,0.965,0.719,0.414,0.06,1.131,0.579,0.289
179.25,0.965,0.719,0.414,0.059,1.081,0.545,0.274
179.5,0.965,0.719,0.413,0.06,1.114,0.567,0.284
179.75,0.965,0.719,0.413,0.059,1.097,0.556,0.279
180.0,0.965,0.719,0.413,0.059,1.081,0.545,0.274
180.25,0.965,0.719,0.412,0.06,1.047,0.523,0.265
180.5,0.965,0.719,0.413,0.058,1.03,0.512,0.26
180.75,0.965,0.72,0.412,0.059,1.114,0.567,0.284
181.0,0.966,0.719,0.41,0.059,1.064,0.534,0.269
181.25,0.965,0.719,0.41,0.059,1.047,0.523,0.265
181.5,0.965,0.72,0.409,0.059,1.047,0.523,0.265
181.75,0.965,0.72,0.407,0.058,1.03,0.512,0.26
182.0,0.965,0.719,0.407,0.058,1.03,0.512,0.26
182.25,0.965,0.719,0.406,0.058,1.047,0.523,0.265
182.5,0.965,0.719,0.406,0.058,1.047,0.523,0.265
182.75,0.966,0.719,0.406,0.058,1.064,0.534,0.269
183.0,0.965,0.719,0.406,0.058,1.064,0.534,0.269
183.25,0.965,0.719,0.405,0.058,1.064,0.534,0.269
183.5,0.965,0.719,0.405,0.058,1.064,0.534,0.269
183.75,0.965,0.719,0.405,0.058,1.064,0.534,0.269
184.0,0.966,0.72,0.404,0.058,1.081,0.545,0.274
184.25,0.965,0.719,0.404,0.058,1.064,0.534,0.269
184.5,0.965,0.719,0.403,0.058,1.064,0.534,0.269
184.75,0.965,0.719,0.402,0.058,1.047,0.523,0.265
185.0,0.965,0.719,0.401,0.057,1.047,0.523,0.265
185.25,0.965,0.719,0.4,0.058,1.047,0.523,0.265
185.5,0.965,0.719,0.4,0.057,1.047,0.523,0.265
185.75,0.965,0.72,0.399,0.058,1.03,0.512,0.26
186.0,0.965,0.719,0.398,0.057,0.964,0.47,0.241
186.25,0.965,0.719,0.398,0.057,0.964,0.47,0.241
186.5,0.965,0.719,0.397,0.057,0.981,0.48,0.246
186.75,0.965,0.719,0.396,0.057,0.997,0.491,0.25
187.0,0.965,0.719,0.396,0.057,1.014,0.501,0.255
187.25,0.965,0.719,0.395,0.057,1.03,0.512,0.26
187.5,0.964,0.719,0.394,0.057,1.064,0.534,0.269
187.75,0.964,0.718,0.394,0.057,1.064,0.534,0.269
188.0,0.965,0.718,0.393,0.057,1.064,0.534,0.269
188.25,0.965,0.719,0.393,0.057,1.047,0.523,0.265
188.5,0.965,0.718,0.392,0.057,1.03,0.512,0.26
188.75,0.965,0.719,0.39,0.056,1.081,0.545,0.274
189.0,0.965,0.719,0.39,0.056,0.997,0.491,0.25
189.25,0.965,0.719,0.389,0.057,0.997,0.491,0.25
189.5,0.965,0.719,0.389,0.056,0.964,0.47,0.241
189.75,0.964,0.719,0.388,0.057,0.948,0.459,0.236
190.0,0.965,0.719,0.389,0.056,0.932,0.449,0.232
190.25,0.965,0.719,0.388,0.056,0.932,0.449,0.232
190.5,0.965,0.719,0.388,0.056,0.948,0.459,0.236
190.75,0.964,0.719,0.388,0.056,0.964,0.47,0.241
191.0,0.964,0.719,0.386,0.056,0.964,0.47,0.241
191.25,0.965,0.72,0.386,0.056,0.981,0.48,0.246
191.5,0.965,0.718,0.386,0.056,1.014,0.501,0.255
191.75,0.964,0.718,0.386,0.056,0.948,0.459,0.236
192.0,0.965,0.718,0.385,0.056,0.964,0.47,0.241
192.25,0.965,0.718,0.384,0.056,0.964,0.47,0.241
192.5,0.964,0.718,0.384,0.056,0.981,0.48,0.246
192.75,0.965,0.718,0.384,0.056,0.981,0.48,0.246
193.0,0.965,0.718,0.384,0.056,1.03,0.512,0.26
193.25,0.965,0.718,0.381,0.056,0.997,0.491,0.25
193.5,0.964,0.718,0.38,0.057,1.149,0.59,0.294
193.75,0.964,0.718,0.38,0.057,0.916,0.439,0.227
194.0,0.965,0.718,0.38,0.057,0.981,0.48,0.246
194.25,0.964,0.718,0.38,0.057,1.03,0.512,0.26
194.5,0.965,0.718,0.38,0.056,0.948,0.459,0.236
194.75,0.965,0.719,0.38,0.056,0.964,0.47,0.241
195.0,0.964,0.718,0.38,0.056,0.932,0.449,0.232
195.25,0.965,0.718,0.38,0.056,0.964,0.47,0.241
195.5,0.965,0.718,0.381,0.056,0.948,0.459,0.236
195.75,0.965,0.719,0.38,0.056,0.932,0.449,0.232
196.0,0.965,0.719,0.38,0.055,0.932,0.449,0.232
196.25,0.965,0.718,0.38,0.055,0.948,0.459,0.236
196.5,0.965,0.719,0.38,0.055,0.932,0.449,0.232
196.75,0.965,0.719,0.38,0.055,0.916,0.439,0.227
197.0,0.965,0.718,0.378,0.055,0.9,0.429,0.223
197.25,0.965,0.718,0.378,0.055,0.9,0.429,0.223
197.5,0.965,0.719,0.377,0.055,0.916,0.439,0.227
197.75,0.965,0.718,0.376,0.054,0.916,0.439,0.227
198.0,0.964,0.718,0.375,0.054,0.9,0.429,0.223
198.25,0.965,0.719,0.374,0.054,0.964,0.47,0.241
198.5,0.965,0.718,0.374,0.055,0.948,0.459,0.236
198.75,0.965,0.718,0.373,0.056,0.997,0.491,0.25
199.0,0.965,0.718,0.374,0.056,1.03,0.512,0.26
199.25,0.965,0.719,0.375,0.056,1.03,0.512,0.26
199.5,0.965,0.718,0.377,0.057,1.064,0.534,0.269
199.75,0.966,0.719,0.377,0.058,1.097,0.556,0.279
200.0,0.966,0.718,0.378,0.058,1.081,0.545,0.274
200.25,0.966,0.719,0.378,0.058,1.131,0.579,0.289
200.5,0.967,0.718,0.38,0.058,1.149,0.59,0.294
200.75,0.966,0.718,0.38,0.059,1.149,0.59,0.294
201.0,0.966,0.718,0.38,0.059,1.131,0.579,0.289
201.25,0.966,0.718,0.381,0.059,1.131,0.579,0.289
201.5,0.966,0.718,0.381,0.059,1.131,0.579,0.289
201.75,0.966,0.718,0.381,0.059,1.131,0.579,0.289
202.0,0.966,0.718,0.382,0.059,1.131,0.579,0.289
202.25,0.966,0.719,0.382,0.06,1.149,0.59,0.294
202.5,0.966,0.718,0.383,0.059,1.166,0.602,0.299
202.75,0.966,0.718,0.384,0.059,1.166,0.602,0.299
203.0,0.966,0.718,0.384,0.06,1.149,0.59,0.294
203.25,0.966,0.718,0.384,0.059,1.183,0.613,0.304
203.5,0.965,0.718,0.386,0.06,1.2,0.625,0.309
203.75,0.966,0.718,0.386,0.06,1.166,0.602,0.299
204.0,0.965,0.717,0.386,0.06,1.166,0.602,0.299
204.25,0.965,0.718,0.386,0.06,1.166,0.602,0.299
204.5,0.966,0.717,0.386,0.06,1.218,0.637,0.314
204.75,0.965,0.717,0.388,0.06,1.183,0.613,0.304
205.0,0.965,0.717,0.388,0.061,1.218,0.637,0.314
205.25,0.965,0.717,0.388,0.06,1.183,0.613,0.304
205.5,0.965,0.717,0.388,0.06,1.2,0.625,0.309
205.75,0.966,0.717,0.388,0.06,1.235,0.649,0.319
206.0,0.966,0.718,0.39,0.06,1.235,0.649,0.319
206.25,0.965,0.717,0.39,0.061,1.2,0.625,0.309
206.5,0.965,0.717,0.39,0.061,1.183,0.613,0.304
206.75,0.965,0.717,0.39,0.061,1.27,0.673,0.329
207.0,0.965,0.717,0.391,0.06,1.218,0.637,0.314
207.25,0.965,0.717,0.391,0.061,1.253,0.661,0.324
207.5,0.965,0.717,0.392,0.06,1.218,0.637,0.314
207.75,0.964,0.717,0.393,0.06,1.235,0.649,0.319
208.0,0.964,0.717,0.394,0.061,1.27,0.673,0.329
208.25,0.964,0.716,0.394,0.061,1.253,0.661,0.324
208.5,0.965,0.717,0.395,0.061,1.253,0.661,0.324
208.75,0.964,0.717,0.396,0.061,1.235,0.649,0.319
209.0,0.964,0.717,0.396,0.061,1.235,0.649,0.319
209.25,0.964,0.716,0.396,0.061,1.235,0.649,0.319
209.5,0.964,0.717,0.396,0.061,1.253,0.661,0.324
209.75,0.965,0.717,0.397,0.061,1.2,0.625,0.309
210.0,0.964,0.716,0.397,0.061,1.218,0.637,0.314
210.25,0.963,0.716,0.397,0.06,1.235,0.649,0.319
210.5,0.964,0.716,0.397,0.06,1.2,0.625,0.309
210.75,0.963,0.716,0.397,0.061,1.2,0.625,0.309
211.0,0.964,0.716,0.397,0.06,1.253,0.661,0.324
211.25,0.964,0.716,0.398,0.061,1.235,0.649,0.319
211.5,0.964,0.715,0.398,0.061,1.218,0.637,0.314
211.75,0.963,0.715,0.398,0.061,1.235,0.649,0.319
212.0,0.963,0.715,0.398,0.061,1.218,0.637,0.314
212.25,0.962,0.715,0.398,0.061,1.218,0.637,0.314
212.5,0.963,0.716,0.398,0.061,1.2,0.625,0.309
212.75,0.962,0.716,0.398,0.061,1.2,0.625,0.309
213.0,0.963,0.715,0.398,0.061,1.218,0.637,0.314
213.25,0.962,0.715,0.398,0.061,1.235,0.649,0.319
213.5,0.964,0.715,0.398,0.061,1.253,0.661,0.324
213.75,0.962,0.715,0.399,0.061,1.235,0.649,0.319
214.0,0.963,0.715,0.399,0.061,1.2,0.625,0.309
214.25,0.962,0.715,0.399,0.06,1.218,0.637,0.314
214.5,0.962,0.716,0.4,0.06,1.235,0.649,0.319
214.75,0.962,0.715,0.4,0.061,1.218,0.637,0.314
215.0,0.963,0.715,0.4,0.061,1.218,0.637,0.314
215.25,0.963,0.715,0.399,0.061,1.218,0.637,0.314
215.5,0.962,0.715,0.4,0.061,1.235,0.649,0.319
215.75,0.962,0.715,0.399,0.06,1.218,0.637,0.314
216.0,0.963,0.716,0.4,0.06,1.218,0.637,0.314
216.25,0.962,0.715,0.399,0.06,1.2,0.625,0.309
216.5,0.962,0.714,0.4,0.061,1.218,0.637,0.314
216.75,0.962,0.715,0.401,0.06,1.235,0.649,0.319
217.0,0.962,0.714,0.401,0.061,1.27,0.673,0.329
217.25,0.962,0.715,0.401,0.061,1.253,0.661,0.324
217.5,0.962,0.714,0.401,0.061,1.218,0.637,0.314
217.75,0.963,0.715,0.401,0.061,1.218,0.637,0.314
218.0,0.962,0.714,0.401,0.061,1.218,0.637,0.314
218.25,0.964,0.715,0.401,0.06,1.27,0.673,0.329
218.5,0.962,0.715,0.402,0.061,1.253,0.661,0.324
218.75,0.962,0.715,0.401,0.061,1.253,0.661,0.324
219.0,0.962,0.715,0.402,0.061,1.288,0.686,0.335
219.25,0.962,0.714,0.402,0.061,1.27,0.673,0.329
219.5,0.962,0.714,0.402,0.061,1.235,0.649,0.319
219.75,0.962,0.714,0.402,0.061,1.218,0.637,0.314
220.0,0.962,0.715,0.402,0.061,1.235,0.649,0.319
220.25,0.962,0.714,0.402,0.061,1.27,0.673,0.329
220.5,0.962,0.714,0.402,0.061,1.253,0.661,0.324
220.75,0.962,0.714,0.403,0.061,1.253,0.661,0.324
221.0,0.962,0.714,0.402,0.061,1.27,0.673,0.329
221.25,0.962,0.714,0.404,0.061,1.27,0.673,0.329
221.5,0.962,0.714,0.404,0.061,1.27,0.673,0.329
221.75,0.962,0.714,0.404,0.061,1.235,0.649,0.319
222.0,0.96,0.712,0.402,0.061,1.235,0.649,0.319
222.25,0.961,0.714,0.404,0.061,1.235,0.649,0.319
222.5,0.961,0.713,0.404,0.061,1.253,0.661,0.324
222.75,0.961,0.714,0.404,0.061,1.235,0.649,0.319
223.0,0.961,0.714,0.404,0.061,1.288,0.686,0.335
223.25,0.961,0.714,0.405,0.061,1.253,0.661,0.324
223.5,0.962,0.713,0.405,0.061,1.27,0.673,0.329
223.75,0.961,0.713,0.405,0.061,1.306,0.698,0.34
224.0,0.961,0.713,0.404,0.061,1.288,0.686,0.335
224.25,0.961,0.713,0.404,0.061,1.253,0.661,0.324
224.5,0.961,0.713,0.405,0.061,1.218,0.637,0.314
224.75,0.961,0.713,0.405,0.06,1.218,0.637,0.314
225.0,0.961,0.713,0.404,0.061,1.253,0.661,0.324
225.25,0.961,0.713,0.404,0.061,1.27,0.673,0.329
225.5,0.958,0.711,0.404,0.061,1.27,0.673,0.329
225.75,0.958,0.71,0.404,0.061,1.235,0.649,0.319
226.0,0.962,0.713,0.405,0.061,1.288,0.686,0.335
226.25,0.961,0.712,0.405,0.061,1.235,0.649,0.319
226.5,0.961,0.713,0.406,0.06,1.218,0.637,0.314
226.75,0.961,0.713,0.404,0.061,1.235,0.649,0.319
227.0,0.961,0.713,0.404,0.061,1.235,0.649,0.319
227.25,0.961,0.713,0.404,0.06,1.183,0.613,0.304
227.5,0.961,0.713,0.404,0.061,1.2,0.625,0.309
227.75,0.961,0.713,0.404,0.061,1.218,0.637,0.314
228.0,0.961,0.713,0.404,0.061,1.2,0.625,0.309
228.25,0.961,0.712,0.404,0.061,1.2,0.625,0.309
228.5,0.961,0.713,0.404,0.06,1.235,0.649,0.319
228.75,0.961,0.713,0.404,0.06,1.218,0.637,0.314
229.0,0.961,0.714,0.403,0.06,1.2,0.625,0.309
229.25,0.961,0.713,0.402,0.06,1.183,0.613,0.304
229.5,0.961,0.713,0.402,0.06,1.2,0.625,0.309
229.75,0.962,0.713,0.401,0.06,1.235,0.649,0.319
230.0,0.961,0.713,0.4,0.06,1.2,0.625,0.309
230.25,0.962,0.713,0.4,0.06,1.218,0.637,0.314
230.5,0.961,0.713,0.399,0.059,1.131,0.579,0.289
230.75,0.961,0.713,0.399,0.059,1.097,0.556,0.279
231.0,0.961,0.713,0.398,0.059,1.081,0.545,0.274
231.25,0.96,0.713,0.398,0.059,1.047,0.523,0.265
231.5,0.962,0.713,0.397,0.059,1.047,0.523,0.265
231.75,0.961,0.713,0.397,0.058,1.047,0.523,0.265
232.0,0.961,0.713,0.397,0.058,1.03,0.512,0.26
232.25,0.961,0.713,0.396,0.058,1.047,0.523,0.265
232.5,0.96,0.713,0.396,0.058,1.014,0.501,0.255
232.75,0.96,0.714,0.395,0.058,1.03,0.512,0.26
233.0,0.961,0.713,0.394,0.058,1.03,0.512,0.26
233.25,0.96,0.713,0.393,0.058,1.03,0.512,0.26
233.5,0.961,0.713,0.392,0.057,1.03,0.512,0.26
233.75,0.96,0.713,0.391,0.057,1.047,0.523,0.265
234.0,0.96,0.713,0.39,0.057,1.064,0.534,0.269
234.25,0.961,0.713,0.39,0.057,1.03,0.512,0.26
234.5,0.96,0.713,0.39,0.058,0.997,0.491,0.25
234.75,0.961,0.713,0.39,0.057,0.997,0.491,0.25
235.0,0.961,0.713,0.388,0.057,1.064,0.534,0.269
235.25,0.96,0.712,0.388,0.057,1.014,0.501,0.255
235.5,0.96,0.712,0.386,0.057,1.03,0.512,0.26
235.75,0.96,0.713,0.386,0.056,1.03,0.512,0.26
236.0,0.96,0.713,0.385,0.056,1.014,0.501,0.255
236.25,0.96,0.712,0.386,0.056,0.981,0.48,0.246
236.5,0.96,0.713,0.386,0.056,1.014,0.501,0.255
236.75,0.96,0.713,0.386,0.056,0.997,0.491,0.25
237.0,0.96,0.713,0.386,0.056,0.981,0.48,0.246
237.25,0.96,0.713,0.385,0.056,0.997,0.491,0.25
237.5,0.96,0.713,0.385,0.056,0.997,0.491,0.25
237.75,0.96,0.713,0.385,0.056,0.997,0.491,0.25
238.0,0.961,0.713,0.385,0.056,1.014,0.501,0.255
238.25,0.961,0.713,0.384,0.056,0.981,0.48,0.246
238.5,0.96,0.713,0.384,0.057,0.981,0.48,0.246
238.75,0.96,0.713,0.38,0.056,1.03,0.512,0.26
239.0,0.961,0.713,0.38,0.057,0.981,0.48,0.246
239.25,0.962,0.713,0.38,0.056,0.997,0.491,0.25
239.5,0.96,0.713,0.378,0.056,0.981,0.48,0.246
239.75,0.96,0.713,0.377,0.055,0.981,0.48,0.246
240.0,0.961,0.713,0.377,0.056,0.948,0.459,0.236
240.25,0.961,0.713,0.377,0.055,0.964,0.47,0.241
240.5,0.96,0.713,0.376,0.055,0.981,0.48,0.246
240.75,0.96,0.713,0.376,0.055,0.964,0.47,0.241
241.0,0.961,0.714,0.377,0.056,0.964,0.47,0.241
241.25,0.961,0.713,0.376,0.056,0.981,0.48,0.246
241.5,0.96,0.713,0.375,0.055,0.964,0.47,0.241
241.75,0.961,0.713,0.374,0.055,0.964,0.47,0.241
242.0,0.961,0.713,0.375,0.055,0.948,0.459,0.236
242.25,0.96,0.713,0.374,0.055,0.932,0.449,0.232
242.5,0.961,0.713,0.374,0.055,0.981,0.48,0.246
242.75,0.96,0.713,0.373,0.055,0.932,0.449,0.232
243.0,0.96,0.713,0.373,0.055,0.964,0.47,0.241
243.25,0.961,0.713,0.373,0.056,0.9,0.429,0.223
243.5,0.96,0.713,0.373,0.056,0.916,0.439,0.227
243.75,0.961,0.713,0.37,0.055,0.981,0.48,0.246
244.0,0.96,0.713,0.37,0.055,0.948,0.459,0.236
244.25,0.961,0.713,0.369,0.055,0.932,0.449,0.232
244.5,0.961,0.713,0.368,0.055,0.932,0.449,0.232
244.75,0.961,0.713,0.369,0.055,0.916,0.439,0.227
245.0,0.961,0.713,0.368,0.055,0.9,0.429,0.223
245.25,0.961,0.713,0.369,0.055,0.916,0.439,0.227
245.5,0.961,0.713,0.368,0.055,0.916,0.439,0.227
245.75,0.961,0.713,0.367,0.055,0.9,0.429,0.223
246.0,0.961,0.713,0.368,0.055,0.916,0.439,0.227
246.25,0.961,0.713,0.368,0.055,0.916,0.439,0.227
246.5,0.961,0.714,0.367,0.055,0.9,0.429,0.223
246.75,0.961,0.713,0.366,0.054,0.932,0.449,0.232
247.0,0.961,0.713,0.365,0.055,0.9,0.429,0.223
247.25,0.961,0.713,0.366,0.055,0.932,0.449,0.232
247.5,0.961,0.713,0.366,0.055,0.9,0.429,0.223
247.75,0.96,0.711,0.364,0.055,0.9,0.429,0.223
248.0,0.958,0.711,0.364,0.055,0.932,0.449,0.232
248.25,0.957,0.711,0.364,0.055,0.948,0.459,0.236
248.5,0.956,0.711,0.363,0.055,0.964,0.47,0.241
248.75,0.96,0.711,0.362,0.054,0.948,0.459,0.236
249.0,0.958,0.711,0.361,0.054,0.932,0.449,0.232
249.25,0.96,0.71,0.361,0.054,0.948,0.459,0.236
249.5,0.958,0.71,0.362,0.054,0.9,0.429,0.223
249.75,0.96,0.711,0.361,0.054,0.9,0.429,0.223
250.0,0.96,0.711,0.361,0.054,0.884,0.419,0.218
250.25,0.96,0.711,0.361,0.054,0.868,0.409,0.214
250.5,0.958,0.711,0.36,0.054,0.868,0.409,0.214
250.75,0.958,0.711,0.36,0.054,0.868,0.409,0.214
251.0,0.958,0.711,0.36,0.054,0.868,0.409,0.214
251.25,0.958,0.71,0.36,0.054,0.884,0.419,0.218
251.5,0.958,0.71,0.359,0.054,0.932,0.449,0.232
251.75,0.958,0.71,0.358,0.054,0.9,0.429,0.223
252.0,0.958,0.711,0.358,0.054,0.9,0.429,0.223
252.25,0.958,0.711,0.358,0.054,0.9,0.429,0.223
252.5,0.96,0.711,0.358,0.054,0.916,0.439,0.227
252.75,0.96,0.711,0.358,0.054,0.9,0.429,0.223
253.0,0.96,0.711,0.358,0.054,0.884,0.419,0.218
253.25,0.959,0.711,0.357,0.054,0.916,0.439,0.227
253.5,0.957,0.711,0.356,0.054,0.964,0.47,0.241
253.75,0.958,0.71,0.356,0.054,0.9,0.429,0.223
254.0,0.958,0.71,0.356,0.054,0.9,0.429,0.223
254.25,0.958,0.711,0.354,0.054,0.884,0.419,0.218
254.5,0.96,0.711,0.354,0.054,0.948,0.459,0.236
